{"cameraMode":{"drawMode":0,"name":"Shaded","section":"Shading Mode"},"sceneLighting":false,"audioPlay":false,"sceneViewState":{"m_AlwaysRefresh":false,"showFog":true,"showSkybox":false,"showFlares":true,"showImageEffects":true,"showParticleSystems":true,"showVisualEffectGraphs":true,"m_FxEnabled":true},"in2DMode":false,"pivot":{"x":-0.3856550455093384,"y":0.84398353099823,"z":-0.0073105692863464359},"rotation":{"x":-0.18522320687770844,"y":-0.012675007805228234,"z":0.0024176391307264568,"w":-0.9826468825340271},"size":1.3309513330459595,"orthographic":false}