{"cameraMode":{"drawMode":0,"name":"Shaded","section":"Shading Mode"},"sceneLighting":true,"audioPlay":false,"sceneViewState":{"m_AlwaysRefresh":false,"showFog":true,"showSkybox":true,"showFlares":true,"showImageEffects":true,"showParticleSystems":true,"showVisualEffectGraphs":true,"m_FxEnabled":true},"in2DMode":false,"pivot":{"x":953.62646484375,"y":945.1153564453125,"z":39.91108703613281},"rotation":{"x":0.04797756299376488,"y":0.020973291248083116,"z":-0.0012090322561562062,"w":0.9986817240715027},"size":1188.5257568359375,"orthographic":true}